Description,Price,Rating,Review Count,Product URL
"Acer Aspire 3 Intel Core i3 11th Generation 15"" (38.1 cms) - (4 GB/256 GB SSD/Windows 10 Home/Intel UHD Graphics /1.7Kg/Silver) A315-58","34,990",,N/A,https://www.amazon.in//gp/slredirect/picassoRedirect.html/ref=pa_sp_atf_next_aps_sr_pg2_1?ie=UTF8&adId=A09797462QNACIP54IV86&url=%2FAcer-Aspire-Intel-Core-Generation%2Fdp%2FB091XPFQC3%2Fref%3Dsr_1_17_sspa%3Fdchild%3D1%26keywords%3Dasus%2Blaptops%26qid%3D1621230861%26sr%3D8-17-spons%26psc%3D1&qualifier=1621230861&id=1924413797091957&widgetName=sp_atf_next
"Acer Nitro 5 Intel Core i7-11th Generation 144 Hz Refresh Rate 15.6-inch (39.62 cms) Gaming Laptop (8GB Ram/1TB SSD/Win10/GTX 1650 Graphics/Obsidian Black/2.2 Kgs), AN515-56 + Xbox Game Pass for PC","84,990",5.0 out of 5 stars,1,https://www.amazon.in//gp/slredirect/picassoRedirect.html/ref=pa_sp_atf_next_aps_sr_pg2_1?ie=UTF8&adId=A08847323MII05TYLEBFT&url=%2FAcer-Generation-15-6-inch-Graphics-AN515-56%2Fdp%2FB0923Z27TX%2Fref%3Dsr_1_18_sspa%3Fdchild%3D1%26keywords%3Dasus%2Blaptops%26qid%3D1621230861%26sr%3D8-18-spons%26psc%3D1&qualifier=1621230861&id=1924413797091957&widgetName=sp_atf_next
"ASUS VivoBook 14 Intel Core i5-1035G1 10th Gen 14"" (35.56cms) FHD Compact and Light Laptop (8GB RAM/1TB HDD/Windows 10/Integrated Graphics/Slate Grey/1.60 kg), X409JA-EK582T","46,990",3.8 out of 5 stars,97,https://www.amazon.in//ASUS-VivoBook-i5-1035G1-Integrated-X409JA-EK582T/dp/B089TNZ8VC/ref=sr_1_19?dchild=1&keywords=asus+laptops&qid=1621230861&sr=8-19
"ASUS VivoBook Ultra K14 (2020), Intel Core i3-1005G1 10th Gen, 14-Inch FHD Thin and Light Laptop (8GB RAM/512GB SSD/Windows 10/Integrated Graphics/Transparent Silver/1.4 kg), K413JA-EK289T","47,990",5.0 out of 5 stars,3,https://www.amazon.in//ASUS-i3-1005G1-Integrated-Transparent-K413JA-EK289T/dp/B08S4TY7WL/ref=sr_1_20?dchild=1&keywords=asus+laptops&qid=1621230861&sr=8-20
"(Renewed) ASUS ROG Strix G Intel 9th Gen Core i5 17.3-Inch (43.94 cms) 1920 x 1080 (Full HD) Laptop (8 GB/1 TB/Windows 10 Home/NVIDIA GeForce GTX 1650/Black/2.85 Kg), G731GT-H7180T",/A,N/A,N/A,https://www.amazon.in//Renewed-ASUS-17-3-Inch-Windows-G731GT-H7180T/dp/B08XW76G6K/ref=sr_1_21?dchild=1&keywords=asus+laptops&qid=1621230861&sr=8-21
"Asus Core i3 10th Gen - (4 GB/512 GB SSD/Windows 10 Home) X413JA-EK268T Thin and Light Laptop (14 inch, Dreamy White, 1.40 kg)",/A,N/A,N/A,https://www.amazon.in//Asus-Core-10th-Gen-X413JA-EK268T/dp/B08T17JM85/ref=sr_1_22?dchild=1&keywords=asus+laptops&qid=1621230861&sr=8-22
"ASUS 2019 VivoBook 15 15.6 Inch FHD 1080P Laptop (AMD Ryzen 3 3200U up to 3.5GHz, 4GB DDR4 RAM, 128GB SSD, AMD Radeon Vega 3, Backlit Keyboard, FP Reader, WiFi, Bluetooth, HDMI, Windows 10) (Grey)","75,735",3.4 out of 5 stars,7,https://www.amazon.in//ASUS-VivoBook-Backlit-Keyboard-Bluetooth/dp/B07Y5L143J/ref=sr_1_23?dchild=1&keywords=asus+laptops&qid=1621230861&sr=8-23
"ASUS ZenBook 14 UX433FA-A6106T 14-inch FHD Thin and Light Laptop (8th Gen Intel Core i5-8265U/8GB RAM/512GB PCIe SSD/Windows 10/Integrated Graphics/1.19 Kg), Icicle Silver Metal","67,990",3.9 out of 5 stars,35,https://www.amazon.in//ZenBook-UX433FA-A6106T-i5-8265U-Integrated-Graphics/dp/B07M7BZNSC/ref=sr_1_24?dchild=1&keywords=asus+laptops&qid=1621230861&sr=8-24
"ASUS ZenBook 13 UX333FA-A5822TS Intel Core i5 10th Gen 13.3-inch FHD Thin & Light Laptop (8GB RAM/512GB PCIe SSD/Windows 10/MS-Office 2019/Integrated Graphics/1.27 Kg), Icicle Silver","74,499",4.0 out of 5 stars,1,https://www.amazon.in//ASUS-UX333FA-A5822TS-13-3-inch-MS-Office-Integrated/dp/B07YSHBG2B/ref=sr_1_25?dchild=1&keywords=asus+laptops&qid=1621230861&sr=8-25
ASUS Laptop 15 X515JA-EJ501T i5-1035G1/1TB HDD/8GB/15.6 FHD/Windows 10/Slate Grey/1Y,"45,708",2.0 out of 5 stars,2,https://www.amazon.in//ASUS-Laptop-X515JA-EJ501T-i5-1035G1-Windows/dp/B08SRBKWXQ/ref=sr_1_26?dchild=1&keywords=asus+laptops&qid=1621230861&sr=8-26
(Renewed) Fujitsu A573 Lifebook with Numeric Keypad (Intel Core i5 - 3340m /4 GB/300 GB HDD/Windows 10 / NO Webcam / HDMI / 4 USB/15.6 Inch Screen),"19,990",,N/A,https://www.amazon.in//gp/slredirect/picassoRedirect.html/ref=pa_sp_mtf_aps_sr_pg2_1?ie=UTF8&adId=A027961836NSUSREA754U&url=%2FRenewed-Fujitsu-Lifebook-Numeric-Keypad%2Fdp%2FB094XJVYYH%2Fref%3Dsr_1_27_sspa%3Fdchild%3D1%26keywords%3Dasus%2Blaptops%26qid%3D1621230861%26sr%3D8-27-spons%26psc%3D1&qualifier=1621230861&id=1924413797091957&widgetName=sp_mtf
"Asus VivoBook 14 Core i3 10th Gen - (4 GB/256 GB SSD/Windows 10 Home) X412FA-EK361T Thin and Light Laptop (14 inch, Transparent Silver, 1.50 kg)","38,990",4.5 out of 5 stars,2,https://www.amazon.in//Asus-VivoBook-Core-10th-X412FA-EK361T/dp/B08TFM8WHQ/ref=sr_1_28?dchild=1&keywords=asus+laptops&qid=1621230861&sr=8-28
"ASUS VivoBook S14 AMD Ryzen 7 4700U, 14-inch FHD Thin and Light Laptop (8GB RAM/512GB NVMe SSD/Windows 10/MS Office 2019/Integrated Graphics/Dreamy White/1.40 kg), M433IA-EB793TS","72,999",3.3 out of 5 stars,8,https://www.amazon.in//ASUS-VivoBook-Integrated-Graphics-M433IA-EB793TS/dp/B089TP2FJQ/ref=sr_1_29?dchild=1&keywords=asus+laptops&qid=1621230861&sr=8-29
"ASUS ZenBook UX430UA-GV573T Intel Core i5 8th Gen 14"" (35.56cms) FHD Thin and Light Laptop (8GB RAM/256GB SSD/Windows 10/Integrated Graphics/1.30 kg), Gold","54,990",4.1 out of 5 stars,308,https://www.amazon.in//ASUS-ZenBook-UX430UA-GV573T-Integrated-Graphics/dp/B082SZJ38K/ref=sr_1_30?dchild=1&keywords=asus+laptops&qid=1621230861&sr=8-30
"Asus VivoBook 14 Core i3 10th Gen - (4 GB/256 GB SSD/Windows 10 Home) X412FA-EK362T Thin and Light Laptop (14 inch, Slate Grey, 1.50 kg)","38,290",1.0 out of 5 stars,1,https://www.amazon.in//Asus-VivoBook-Core-10th-X412FA-EK362T/dp/B08TFJT6LW/ref=sr_1_31?dchild=1&keywords=asus+laptops&qid=1621230861&sr=8-31
"ASUS TUF Gaming A15 (2021), 15.6"" FHD 144Hz, AMD Ryzen 7 5800H, GeForce RTX 3060 6GB Graphics, Gaming Laptop (16GB/1TB SSD/Office 2019/Windows 10/Eclipse Gray/2.3 kg), FA566QM-HN087TS","1,16,990",2.6 out of 5 stars,6,https://www.amazon.in//ASUS-GeForce-Graphics-Windows-FA566QM-HN087TS/dp/B092JHJ63R/ref=sr_1_32?dchild=1&keywords=asus+laptops&qid=1621230861&sr=8-32
"ASUS VivoBook 17.3"" FHD Widescreen LED Flagship Laptop Bundle Woov Mouse | AMD Quad Core Ryzen 7 3700U | 12GB RAM | 512GB SSD | USB-C | 802.11ac | HDMI | Windows 10","1,25,056",N/A,N/A,https://www.amazon.in//ASUS-VivoBook-Widescreen-Flagship-802-11ac/dp/B087WJTKNK/ref=sr_1_33?dchild=1&keywords=asus+laptops&qid=1621230861&sr=8-33
"ASUS ZenBook 13 (2020) Intel Core i5-1035G1 10th Gen 13.3-inch FHD Thin and Light Laptop (8GB RAM/512GB NVMe SSD/Windows 10/MS Office 2019/Integrated Graphics/Lilac Mist/1.11 kg), UX325JA-EG135TS","71,980",4.4 out of 5 stars,214,https://www.amazon.in//ASUS-i5-1035G1-13-3-inch-Integrated-UX325JA-EG135TS/dp/B08CKZZYBB/ref=sr_1_34?dchild=1&keywords=asus+laptops&qid=1621230861&sr=8-34
"ASUS VivoBook Ultra 15 Intel Core i5-1135G7 / 15.6-inch FHD Thin and Light Laptop (8GB RAM/1TB HDD + 256GB SSD/Win.10/MS Office 2019/2GB NVIDIA MX330 Graphics/Bespoke Black/1.75 kg), X513EP-EJ532TS","64,650",5.0 out of 5 stars,1,https://www.amazon.in//ASUS-VivoBook-i5-1135G7-15-6-inch-X513EP-EJ532TS/dp/B08ZDVV9JX/ref=sr_1_35?dchild=1&keywords=asus+laptops&qid=1621230861&sr=8-35
"Asus VivoBook 15 Core i3 7th Gen - (4 GB/1 TB HDD/Windows 10 Home) X543UA-DM342T Laptop (15.6 inch, Star Grey, 1.90 kg)",/A,3.6 out of 5 stars,22,https://www.amazon.in//Asus-VivoBook-Core-7th-X543UA-DM342T/dp/B08NVX36LY/ref=sr_1_33?dchild=1&keywords=asus+laptops&qid=1621230865&sr=8-33
"ASUS ExpertBook P1 (P1440FA)-14"" (35.56cms) Notebook (Intel i3-10110U Processor, 4GB RAM, 1TB HDD, Endless)-P1440FA-FQ2348","31,550",3.8 out of 5 stars,13,https://www.amazon.in//ASUS-ExpertBook-i3-10110U-Processor-P1440FA-FQ2348/dp/B08J13V6CM/ref=sr_1_34?dchild=1&keywords=asus+laptops&qid=1621230865&sr=8-34
Asus Vivobook X515MA-EJ001T/ Silver/ Intel Celeron N4020/ RAM 4GB/ HDD 1 TB / 15.6 inch HD/ FP/ 2Cell/ Win10 Home,"24,549",3.9 out of 5 stars,6,https://www.amazon.in//Vivobook-X515MA-EJ001T-Silver-Intel-Celeron/dp/B08CKRTZ7C/ref=sr_1_35?dchild=1&keywords=asus+laptops&qid=1621230865&sr=8-35
"CUK VivoBook K571 by ASUS 15 Inch Gaming Laptop (Intel Core i7, 16GB RAM, 256GB NVMe SSD + 1TB HDD, NVIDIA GeForce GTX 1650 Ti 4GB, 15.6"" FHD, Windows 10 Home) Thin Notebook Computer","1,44,643",5.0 out of 5 stars,4,https://www.amazon.in//VivoBook-GeForce-Windows-Notebook-Computer/dp/B08CHP2TJC/ref=sr_1_36?dchild=1&keywords=asus+laptops&qid=1621230865&sr=8-36
"ASUS ROG Zephyrus G14, 14"" FHD 120Hz, Ryzen 5 4600HS, GTX 1650Ti 4GB Graphics, Gaming Laptop (8GB/512GB SSD/Office 2019/Windows 10/Gray/Anime Matrix/1.7 Kg), GA401II-HE111TS + Xbox Game Pass for PC","90,990",4.4 out of 5 stars,25,https://www.amazon.in//ASUS-Zephyrus-GeForce-Graphics-GA401II-HE111TS/dp/B08CG3TFM1/ref=sr_1_37?dchild=1&keywords=asus+laptops&qid=1621230865&sr=8-37
"ASUS 2019 VivoBook 15 15.6 Inch FHD 1080P Laptop (AMD Ryzen 3 3200U up to 3.5GHz, 8GB DDR4 RAM, 256GB SSD, AMD Radeon Vega 3, Backlit Keyboard, FP Reader, WiFi, Bluetooth, HDMI, Windows 10) (Grey)","82,157",1.0 out of 5 stars,1,https://www.amazon.in//ASUS-VivoBook-Backlit-Keyboard-Bluetooth/dp/B07Y5PDX7D/ref=sr_1_38?dchild=1&keywords=asus+laptops&qid=1621230865&sr=8-38
"ASUS ExpertBook P1 (P1440FA)-14 inch Notebook (Intel i5-10210U Processor, 8GB RAM, 1TB54R HDD, Win PRO)-P1440FA-FQ2351R","59,450",N/A,N/A,https://www.amazon.in//ASUS-ExpertBook-i5-10210U-Processor-P1440FA-FQ2351R/dp/B08J13BJPD/ref=sr_1_39?dchild=1&keywords=asus+laptops&qid=1621230865&sr=8-39
ASUS VivoBook 15 Thin and Light Laptop,"67,877",N/A,N/A,https://www.amazon.in//ASUS-VivoBook-Thin-Light-Laptop/dp/B07RK5M35T/ref=sr_1_40?dchild=1&keywords=asus+laptops&qid=1621230865&sr=8-40
"Asus ZenBook S Ultra-Thin and Light 13.3-inch Full HD Laptop with Intel Core i7-8550U, 8GB RAM, 256GB, Windows 10 Pro (Burgundy)","1,28,025",5.0 out of 5 stars,1,https://www.amazon.in//Asus-Ultra-Thin-13-3-inch-i7-8550U-Burgundy/dp/B07D9C2YF5/ref=sr_1_41?dchild=1&keywords=asus+laptops&qid=1621230865&sr=8-41
Asus Strix Scar 15 G533QS-HF197TS R7-5800H/ RTX3080-8GB/ 8G+8G/ 1T SSD/ 15.6 FHD-300hz/ Backlit KB- Per key RGB/NumPad/ WIFI6/ 90Wh/ Office Home 2019/ McAfee/Xbox Game Pass(30 days)/ / WIN10/ 1A-BLACK,"2,19,900",,N/A,https://www.amazon.in//G533QS-HF197TS-R7-5800H-RTX3080-8GB-FHD-300hz-1A-BLACK/dp/B094XMSDH6/ref=sr_1_42?dchild=1&keywords=asus+laptops&qid=1621230865&sr=8-42
Asus Rog Strix G15 G513QM-HF312TS R7-5800H/ RTX3060-6GB/ 8G+8G/ 1T SSD/ 15.6 FHD-300hz/ Backlit KB- 4 Zone RGB/NumPad/ 90Wh/ Office Home & Student 2019/ 1C-Original Black/,"1,48,980",,N/A,https://www.amazon.in//G513QM-HF312TS-R7-5800H-RTX3060-6GB-FHD-300hz-1C-Original/dp/B094XCWQQJ/ref=sr_1_43?dchild=1&keywords=asus+laptops&qid=1621230865&sr=8-43
Asus TUF Dash 15 FX516PM-AZ154TS I7-11370H/RTX3060-6GB/8G+8G/1T SSD/15.6 FHD-240hz/Backlit/WIFI6/ 76Wh/ Office Home & Student 2019/ McAfee(1 Year)/Xbox Game Pass(30 Days)/ / WIN10/ 1C-Moonlight White,"1,45,900",1.0 out of 5 stars,1,https://www.amazon.in//FX516PM-AZ154TS-I7-11370H-RTX3060-6GB-FHD-240hz-1C-Moonlight/dp/B094X4BD9Q/ref=sr_1_44?dchild=1&keywords=asus+laptops&qid=1621230865&sr=8-44
"ASUS VivoBook 15 Thin & Light Laptop, 15.6â€ FHD Display, AMD Quad Core R7-3700U CPU, 8GB DDR4 RAM, 512GB PCIe SSD, AMD Radeon Vega 10 Graphics, Fingerprint, Windows 10 Home, Slate Gray, F512DA-NH77",/A,N/A,N/A,https://www.amazon.in//VivoBook-Light-Laptop-R7-3700U-512GB/dp/B085344M9Q/ref=sr_1_45?dchild=1&keywords=asus+laptops&qid=1621230865&sr=8-45
"ASUS Vivobook Ultra K513EA-EJ563TS (i5-1135G7 / 16GB RAM / 256 SSD + 1TB HDD/15.6""FHD/1Y International Warranty + McaFee/Office H&S/Windows 10/Backlit KB/Finger Print/1.6Kg/ Transparent Silver","71,999",3.8 out of 5 stars,11,https://www.amazon.in//ASUS-K513EA-EJ563TS-i5-1135G7-International-Transparent/dp/B08NCKFQQ5/ref=sr_1_46?dchild=1&keywords=asus+laptops&qid=1621230865&sr=8-46
"ASUS ExpertBook P2 (P2451FB) 14 inch Notebook( i5-10210U,8GB,1TB 72R,DOS ) P2451FB-EK0058","57,990",4.5 out of 5 stars,2,https://www.amazon.in//ASUS-ExpertBook-Notebook-i5-10210U-P2451FB-EK0058/dp/B08J12RLDM/ref=sr_1_47?dchild=1&keywords=asus+laptops&qid=1621230865&sr=8-47
"ASUS ROG Strix G G731GT-H7180T 17.3"" FHD 120Hz Gaming Laptop GTX 1650 4GB Graphics (Core i5-9300H 9th Gen/8GB RAM/1TB NVMe SSD/Windows 10/One-Zone RGB KB/2.85 Kg), Black","79,990",4.6 out of 5 stars,4,https://www.amazon.in//ASUS-G731GT-H7180T-Graphics-i5-9300H-One-Zone/dp/B081CW5Q6S/ref=sr_1_48?dchild=1&keywords=asus+laptops&qid=1621230865&sr=8-48
ASUS ZenBook 13 UltraSlim Laptop,"1,46,577",N/A,N/A,https://www.amazon.in//ASUS-ZenBook-13-UltraSlim-Laptop/dp/B07QXKW89P/ref=sr_1_49?dchild=1&keywords=asus+laptops&qid=1621230869&sr=8-49
"ASUS F512DA-EB51 VivoBook 15 Thin and Light Laptop, 15.6? Full HD, AMD Quad Core R5-3500U CPU, 8GB DDR4 RAM, 256GB PCIe SSD, AMD Radeon Vega 8 Graphics, Windows 10 Home,Slate Gray","71,952",N/A,N/A,https://www.amazon.in//ASUS-F512DA-EB51-VivoBook-R5-3500U-Graphics/dp/B07QQB7552/ref=sr_1_50?dchild=1&keywords=asus+laptops&qid=1621230869&sr=8-50
ASUS VivoBook M515DA-EJ511T-AMD Ryzen 5-3500U 2.1 GHz / 8GB RAM /512GB SSD / Integrated Vega 8 Graphics/15.6-inch FHD / Windows 10 Home /FP Reader / 1.9 kg / Grey / 1 Yr Warranty,"47,990",3.5 out of 5 stars,16,https://www.amazon.in//ASUS-VivoBook-M515DA-EJ511T-AMD-Integrated-15-6-inch/dp/B08Q7JN93D/ref=sr_1_51?dchild=1&keywords=asus+laptops&qid=1621230869&sr=8-51
"ASUS TUF Gaming F17 Core i5 10th Gen - (8 GB/512 GB SSD/Windows 10 Home/4 GB Graphics/NVIDIA GeForce GTX 1650 Ti/120 Hz) FX766LI-H7058T Gaming Laptop (17.3 inch, Grey Metal, 2.6 kg)","72,690",,N/A,https://www.amazon.in//ASUS-Gaming-Core-10th-FX766LI-H7058T/dp/B08ZL2Z4QC/ref=sr_1_52?dchild=1&keywords=asus+laptops&qid=1621230869&sr=8-52
ASUS VivoBook 2019 Premium 15.6‚Äô‚Äô FHD Laptop Notebook Computer,"93,210",1.0 out of 5 stars,1,https://www.amazon.in//ASUS-VivoBook-Notebook-Computer-Bluetooth/dp/B081S65K47/ref=sr_1_53?dchild=1&keywords=asus+laptops&qid=1621230869&sr=8-53
"Asus VivoBook S Series Core i5 8th Gen(8265U) - (8 GB/1 TB HDD/256 GB SSD/Windows 10 Home) S430FA-EB026T Thin and Light Laptop (14 inch, Gun Metal, 1.40 kg)","51,990",5.0 out of 5 stars,1,https://www.amazon.in//Asus-VivoBook-Core-8265U-S430FA-EB026T/dp/B085S6BXVD/ref=sr_1_54?dchild=1&keywords=asus+laptops&qid=1621230869&sr=8-54
ASUS VivoBook Ultra K14 (i3-1115G4/8GB RAM/512 GB NVMe SSD/Win10+McAfee/Ms Office H&S 2019/14 inch FHD IPS/ Intel UHD Graphics /FP Reader/1.4 kg/Silver/1 Yr. Warranty)K413EA-EB303TS,"45,348",4.7 out of 5 stars,4,https://www.amazon.in//ASUS-VivoBook-i3-1115G4-Graphics-K413EA-EB303TS/dp/B091FSZC4D/ref=sr_1_55?dchild=1&keywords=asus+laptops&qid=1621230869&sr=8-55
"Asus TUF Gaming Laptop, 15.6” Full HD IPS-Type, Intel Core i7-9750H, GeForce GTX 1650, 8GB DDR4, 512GB PCIe SSD, Gigabit Wi-Fi 5, Windows 10 Home, TUF505GT-AH73","1,24,182",4.4 out of 5 stars,171,https://www.amazon.in//IPS-Type-i7-9750H-GeForce-Gigabit-TUF505GT-AH73/dp/B07VCNTRG6/ref=sr_1_56?dchild=1&keywords=asus+laptops&qid=1621230869&sr=8-56
"ASUS VivoBook Ultra K14 (2020), Intel Core i5-1035G1 10th Gen, 14-Inch FHD Thin and Light Laptop (8GB RAM/512GB SSD/Windows 10/Integrated Graphics/Hearty Gold/1.4 kg), K413JA-EK284T","56,690",3.3 out of 5 stars,3,https://www.amazon.in//ASUS-VivoBook-i5-1035G1-Integrated-K413JA-EK284T/dp/B08S4WL9VX/ref=sr_1_57?dchild=1&keywords=asus+laptops&qid=1621230869&sr=8-57
"Asus Vivobook 17 F712FA Thin and Light Laptop, 17.3â€ HD+, Intel Core I5-8265U Processor, 8GB DDR4 RAM, 128GB SSD + 1TB HDD, Windows 10 Home, Transparent Silver, F712FA-DB51","1,06,492",N/A,N/A,https://www.amazon.in//Vivobook-I5-8265U-Processor-Transparent-F712FA-DB51/dp/B07S2M99LF/ref=sr_1_58?dchild=1&keywords=asus+laptops&qid=1621230869&sr=8-58
"ASUS VivoBook Ultra K14 Intel Core i3-10110U 10th Gen 14-inch FHD Thin and Light Laptop (4GB RAM/512GB NVMe SSD/Windows 10/Integrated Graphics/Indie Black/1.40 kg), K413FA-EK818T","42,000",4.0 out of 5 stars,14,https://www.amazon.in//ASUS-VivoBook-i3-10110U-Integrated-K413FA-EK818T/dp/B08CL12R1D/ref=sr_1_59?dchild=1&keywords=asus+laptops&qid=1621230869&sr=8-59
"Asus Vivobook M515DA-BQ522TS Laptop (AMD Quad Core Ryzen 5/4 GB/256 GB SSD/15.6""/AMD Radeon Vega 8 Graphics/Windows 10/Ms Office 2019","41,475",,More Buying Choices,https://www.amazon.in//Vivobook-M515DA-BQ522TS-Laptop-Graphics-Windows/dp/B08CKSJ8PT/ref=sr_1_60?dchild=1&keywords=asus+laptops&qid=1621230869&sr=8-60
"ASUS VivoBook F510UA FHD Laptop, Intel Core i5-8250U, 8GB RAM, 1TB HDD, USB-C, NanoEdge Display, Fingerprint, Windows 10, Star Gray (F510UA-AH51)",/A,3.9 out of 5 stars,4,https://www.amazon.in//Asus-F510UA-15-15-99-inches-VivoBook/dp/B0762S8PYM/ref=sr_1_61?dchild=1&keywords=asus+laptops&qid=1621230869&sr=8-61
"Asus ROG Strix G15 Core i7 10th Gen - (16 GB/512 GB SSD/Windows 10 Home/6 GB Graphics/NVIDIA Geforce GTX 1660 Ti) G512LU-AL012T Gaming Laptop (15.6 inch, Black plastic, 2.30 kg )","1,04,483",3.1 out of 5 stars,4,https://www.amazon.in//Asus-Strix-Core-10th-G512LU-AL012T/dp/B08G58VBNQ/ref=sr_1_62?dchild=1&keywords=asus+laptops&qid=1621230869&sr=8-62
"(Renewed) ASUS VivoBook 14 Intel 8th Gen Core i5 14-Inch (35.56 cms) 1920 x 1080 (Full HD) Thin and Light Laptop (8 GB/512 GB SSD/Windows 10 Home/Intel UHD Graphics 620/Silver and Blue/1.35 Kg), X403FA-EB021T","60,998",4.0 out of 5 stars,1,https://www.amazon.in//ASUS-VivoBook-Integrated-Graphics-X403FA-EB021T/dp/B07YZH4X9G/ref=sr_1_63?dchild=1&keywords=asus+laptops&qid=1621230869&sr=8-63
"ASUS ROG Strix Scar 15 (2020), 15.6"" FHD 240Hz/3ms, Intel Core i7-10875H 10th Gen, RTX 2060 6GB Graphics, Gaming Laptop (16GB/1TB RAID 0 SSD/Office 2019/Windows 10/Black/2.35 Kg), G532LV-AZ090TS","1,63,990",N/A,More Buying Choices,https://www.amazon.in//ASUS-ROG-Strix-Scar-i7-10875H-RTX-2060-G532LV-AZ090TS/dp/B08PFDCNMB/ref=sr_1_64?dchild=1&keywords=asus+laptops&qid=1621230869&sr=8-64
"ASUS TUF Dash F15 -2021 15.6"" FHD 240Hz/3ms, Intel Core i7-11370H 11th Gen, GeForce RTX 3070 8GB Graphics, Gaming Laptop (16GB/1TB SSD/Office 2019/Windows 10/Moonlight White/2 kg), FX516PR-AZ024TS","1,50,990",3.3 out of 5 stars,6,https://www.amazon.in//ASUS-i7-11370H-GeForce-RTX-Moonlight-FX516PR-AZ024TS/dp/B08XBVY35R/ref=sr_1_65?dchild=1&keywords=asus+laptops&qid=1621230873&sr=8-65
"Asus Gaming Laptop ROG Strix G15 i7-10750H(8 Gb Ram,512G SSD,15.6 FHD-144hz,GTX1650Ti-4GB,RGB Backlit,WIFI6,WIN10,,Electro Punk),G512LI-HN126T","96,999",,N/A,https://www.amazon.in//i7-10750H-FHD-144hz-GTX1650Ti-4GB-Backlit-G512LI-HN126T/dp/B08JV1XDJD/ref=sr_1_66?dchild=1&keywords=asus+laptops&qid=1621230873&sr=8-66
"2020 ASUS ROG Zephyrus G14 14"" VR Ready FHD Gaming Laptop,8 cores AMD Ryzen 7 4800HS(Upto 4.2 GHzBeat i7-10750H),Backlight,HDMI,USB C,NVIDIA GeForce GTX 1650,Gray,Win 10 (16GB RAM|512GB PCIe SSD)","1,46,599",5.0 out of 5 stars,1,https://www.amazon.in//ASUSROG-Zephyrus-GHzBeat-i7-10750H-Backlight/dp/B08DG2QFQR/ref=sr_1_67?dchild=1&keywords=asus+laptops&qid=1621230873&sr=8-67
"ASUS ZenBook 13 UX334FL-A5822TS Intel Core i5 10th Gen 13.3-inch FHD Thin & Light Laptop (8GB RAM/512GB PCIe SSD/Windows 10/MS-Office 2019/2GB NVIDIA GeForce MX250 Graphics/1.27 Kg), Icicle Silver","81,990",4.7 out of 5 stars,6,https://www.amazon.in//ASUS-UX334FL-A5822TS-13-3-inch-MS-Office-Graphics/dp/B07YSJ3D1N/ref=sr_1_68?dchild=1&keywords=asus+laptops&qid=1621230873&sr=8-68
"ASUS ZenBook 14 UX433FA-A5822TS Intel Core i5 10th Gen 14-inch FHD Thin & Light Laptop (8GB RAM/512GB PCIe SSD/Windows 10/MS-Office 2019/Integrated Graphics/1.26 Kg), Icicle Silver","71,860",5.0 out of 5 stars,3,https://www.amazon.in//ASUS-UX433FA-A5822TS-MS-Office-Integrated-Graphics/dp/B07YSH81MP/ref=sr_1_69?dchild=1&keywords=asus+laptops&qid=1621230873&sr=8-69
"ASUS ZenBook 13 UX334FL-A5821TS Intel Core i5 10th Gen 13.3""(33.78 cms) FHD Thin & Light Laptop (8GB RAM/512GB PCIe SSD/Windows 10/MS-Office 2019/2GB NVIDIA GeForce MX250 Graphics/1.27 Kg),Royal Blue","87,990",3.5 out of 5 stars,7,https://www.amazon.in//ASUS-UX334FL-A5821TS-13-3-inch-MS-Office-Graphics/dp/B07YSHJP71/ref=sr_1_70?dchild=1&keywords=asus+laptops&qid=1621230873&sr=8-70
"Asus TUF 15.6"" FHD VR Ready Gaming Laptop Computer, 8th Gen Intel Hexa-Core i7-8750H up to 4.10GHz, 16GB DDR4, 256GB SSD + 1TB HDD, GTX 1050 Ti, 802.11ac WiFi, HDMI, Backlit Keyboard, Windows 10","1,51,333",N/A,N/A,https://www.amazon.in//Computer-Hexa-Core-i7-8750H-802-11ac-Keyboard/dp/B07LBRGG2Z/ref=sr_1_71?dchild=1&keywords=asus+laptops&qid=1621230873&sr=8-71
"ASUS TUF Gaming A17 Gaming Laptop, 17.3 120Hz FHD IPS-Type, AMD Ryzen 7 4800H, GeForce GTX 1660 Ti, 16GB DDR4, 1TB PCIe SSD, 90WHr Battery, RGB Backlit KB, Windows 10 Home, TUF706IU-AS76","2,04,022",3.0 out of 5 stars,5,https://www.amazon.in//ASUS-IPS-Type-GeForce-Battery-TUF706IU-AS76/dp/B0863DFMV7/ref=sr_1_72?dchild=1&keywords=asus+laptops&qid=1621230873&sr=8-72
"ASUS ZenBook Flip 13 OLED, Intel Core i5-1135G7 11th Gen, 13.3"" FHD Touch 2-in-1 Laptop (8GB/512GB SSD + 32GB Optane Memory/Windows 10/Office 2019/Iris Xᵉ Graphics/Pine Grey/1.3 kg), UX363EA-HP501TS","93,099",4.7 out of 5 stars,4,https://www.amazon.in//ASUS-ZenBook-i5-1135G7-Graphics-UX363EA-HP501TS/dp/B08SY2FZKY/ref=sr_1_73?dchild=1&keywords=asus+laptops&qid=1621230873&sr=8-73
"ASUS ROG Zephyrus S15 Gaming Laptop, 15.6â€ 300Hz FHD IPS Type, NVIDIA GeForce RTX 2070 Super, Intel Core i7-10875H, 16GB DDR4, 1TB SSD, Per-Key RGB Keyboard, Thunderbolt 3, Win10 Pro, GX502LWS-XS76","2,78,700",N/A,N/A,https://www.amazon.in//ASUS-Zephyrus-i7-10875H-Thunderbolt-GX502LWS-XS76/dp/B086X5GF3G/ref=sr_1_74?dchild=1&keywords=asus+laptops&qid=1621230873&sr=8-74
"ASUS VivoBook 14 Intel Core i5-1035G1 10th Gen 14-inch FHD Laptop (8GB RAM/1TB HDD/Win10/Integrated Graphics/Slate Grey/1.60 kg), X409JA-EK582T+ Microsoft 365 Personal-One Year Subscription",0589.00,5.0 out of 5 stars,2,https://www.amazon.in//ASUS-Integrated-X409JA-EK582T-Personal-One-Subscription/dp/B08L3PWFQV/ref=sr_1_75?dchild=1&keywords=asus+laptops&qid=1621230873&sr=8-75
"ASUS ROG Zephyrus G14, 14"" FHD 120Hz, Ryzen 5 4600HS, GeForce GTX 1650Ti 4GB Graphics, Gaming Laptop (8GB/1TB SSD/MS Office 2019/Windows 10/Eclipse Gray/Without Anime Matrix/1.6 Kg), GA401II-HE169TS","84,990",4.4 out of 5 stars,119,https://www.amazon.in//ASUS-Zephyrus-GeForce-Graphics-GA401II-HE169TS/dp/B08CFZDZLF/ref=sr_1_76?dchild=1&keywords=asus+laptops&qid=1621230873&sr=8-76
"ASUS 2019 VivoBook 15 15.6 Inch FHD 1080P Laptop (AMD Ryzen 3 3200U up to 3.5GHz, 16GB DDR4 RAM, 128GB SSD, AMD Radeon Vega 3, Backlit Keyboard, FP Reader, WiFi, Bluetooth, HDMI, Windows 10) (Grey)","91,448",4.8 out of 5 stars,5,https://www.amazon.in//ASUS-VivoBook-Backlit-Keyboard-Bluetooth/dp/B07Y5PF8YT/ref=sr_1_77?dchild=1&keywords=asus+laptops&qid=1621230873&sr=8-77
"Asus GM501GM-WS74 ROG Zephyrus M 15.6"" Ultra Slim Gaming Laptop","2,29,860",N/A,N/A,https://www.amazon.in//Asus-GM501GM-WS74-Zephyrus-IPS-Type-Panel16GB/dp/B07CWY6Y2X/ref=sr_1_78?dchild=1&keywords=asus+laptops&qid=1621230873&sr=8-78
"ASUS ROG Strix G15 Gaming and Entertainment Laptop (Intel i7-10750H 6-Core, 16GB RAM, 512GB PCIe SSD, GTX 1650 Ti, 15.6"" Full HD (1920x1080), WiFi, Bluetooth, Win 10 Home) with USB Hub","1,51,161",4.4 out of 5 stars,12,https://www.amazon.in//ASUS-Entertainment-i7-10750H-1920x1080-Bluetooth/dp/B08DXTYMZX/ref=sr_1_79?dchild=1&keywords=asus+laptops&qid=1621230873&sr=8-79
"Asus ROG Zephyrus m Thin and Portable Gaming Laptop, 15.6  144Hz Full HD IPS, NVIDIA GeForce GTX 1660 Ti, Intel Core i7-9750H, 16GB DDR4 RAM, 512B PCIe SSD, Per-Key RGB, Windows 10 Pro","2,00,756",1.0 out of 5 stars,1,https://www.amazon.in//Zephyrus-Portable-GeForce-i7-9750H-Windows/dp/B07RG83B7K/ref=sr_1_80?dchild=1&keywords=asus+laptops&qid=1621230873&sr=8-80
"New ASUS TUF Gaming Flagship FX705GM 17.3"" FHD IPS Display Laptop","2,25,120",3.8 out of 5 stars,21,https://www.amazon.in//ASUS-Gaming-Flagship-FX705GM-Display/dp/B005AKPSKC/ref=sr_1_81?dchild=1&keywords=asus+laptops&qid=1621230877&sr=8-81
"ASUS 2019 VivoBook F510QA 15.6â WideView FHD Laptop Computer, AMD Quad-Core A12-9720P up to 3.6GHz, 16GB DDR4 RAM, 256GB SSD , USB 3.0, 802.11ac WiFi, HDMI, Windows 10","93,250",1.0 out of 5 stars,1,https://www.amazon.in//ASUS-VivoBook-F510QA-Quad-Core-A12-9720P/dp/B07TTBHMVV/ref=sr_1_82?dchild=1&keywords=asus+laptops&qid=1621230877&sr=8-82
"ASUS ASUSPRO P5440FA-7812P Intel Core i7 8th Gen 14-inch FHD Thin and Light Laptop (8GB RAM/1TB HDD + 256GB SSD/Windows 10 Professional/Integrated Graphics/1.26 kg), Grey","81,999",N/A,N/A,https://www.amazon.in//ASUS-P5440FA-7812P-Professional-Integrated-Graphics/dp/B082WZHSQ7/ref=sr_1_83?dchild=1&keywords=asus+laptops&qid=1621230877&sr=8-83
"ASUS VivoBook S13 S333EA-EG501TS i5-1135G7//8G/512G PCIe SSD/GREY/13.3"" FHD 72%NTSC/1Y International Warranty/Office H&S/Finger Print/Backlit KB","55,989",4.2 out of 5 stars,9,https://www.amazon.in//ASUS-VivoBook-S333EA-EG501TS-i5-1135G7-International/dp/B08SWND4N6/ref=sr_1_84?dchild=1&keywords=asus+laptops&qid=1621230877&sr=8-84
"ASUS Expertbook P1 (P1504FA)-15.6 inch Notebook (Intel i3-10110U Processor, 4GB RAM, 1TB HDD, Windows 10 Pro)-P1504FA-EJ1924R","39,985",1.0 out of 5 stars,1,https://www.amazon.in//ASUS-Expertbook-i3-10110U-Processor-P1504FA-EJ1924R/dp/B08HSZ17MQ/ref=sr_1_85?dchild=1&keywords=asus+laptops&qid=1621230877&sr=8-85
"ASUS VivoBook Flip 14 Intel Core i3-10110U 10th Gen 14-inch 2-in-1 Thin and Light Laptop (4GB RAM/512GB NVMe SSD/Windows 10 Home/Integrated Graphics/Star Grey/1.5 kg), TP412FA-EC371TS","49,989",3.6 out of 5 stars,12,https://www.amazon.in//ASUS-VivoBook-i3-10110U-Integrated-TP412FA-EC371TS/dp/B08B4VNMBC/ref=sr_1_86?dchild=1&keywords=asus+laptops&qid=1621230877&sr=8-86
"ASUS - FX505DD 15.6"" Gaming Laptop","1,05,366",N/A,N/A,https://www.amazon.in//ASUS-FX505DD-15-6-Gaming-Laptop/dp/B07V336VJJ/ref=sr_1_87?dchild=1&keywords=asus+laptops&qid=1621230877&sr=8-87
"ASUS ROG Zephyrus Duo 15, 15.6"" FHD 300Hz/3ms, Intel Core i7-10875H 10th Gen, RTX 2070 Super Max-Q 8GB Graphics, Gaming Laptop (32GB/1TB SSD/Office 2019/Windows 10/Gray/2.48 Kg), GX550LWS-HF130TS","2,29,990",5.0 out of 5 stars,4,https://www.amazon.in//ASUS-Zephyrus-i7-10875H-RTX-2070-Super-Max-Q-GX550LWS-HF130TS/dp/B08PF8RVKF/ref=sr_1_88?dchild=1&keywords=asus+laptops&qid=1621230877&sr=8-88
"ASUS TUF Thin & Light Gaming Laptop PC (FX504) 15.6"" Full HD, 8th-Gen Intel Core i5-8300H (up to 3.9GHz), GeForce GTX 1050 2GB, 8GB DDR4 2666 MHz, 1TB FireCuda SSHD, Windows 10 64-bit - FX504GD-ES51","1,25,285",4.0 out of 5 stars,426,https://www.amazon.in//8th-Gen-i5-8300H-GeForce-FireCuda-Windows/dp/B07BP9QG2J/ref=sr_1_89?dchild=1&keywords=asus+laptops&qid=1621230877&sr=8-89
"ASUS VivoBook Ultra K14 (2020), Intel Core i5-1035G1 10th Gen, 14"" (35.56cms) FHD Thin and Light Laptop (8GB RAM/512GB SSD/Windows 10/Integrated Graphics/Transparent Silver/1.4 kg), K413JA-EK286T","55,395",4.6 out of 5 stars,3,https://www.amazon.in//ASUS-i5-1035G1-Integrated-Transparent-K413JA-EK286T/dp/B08S4R2L5T/ref=sr_1_90?dchild=1&keywords=asus+laptops&qid=1621230877&sr=8-90
Asus ZenBook 3 UX390UA-GS039T 12.5-inch Laptop (Core i7-7500U/8GB/512GB/Windows 10/Integrated Graphics),"88,390",1.0 out of 5 stars,1,https://www.amazon.in//Asus-UX390UA-GS039T-12-5-inch-i7-7500U-Integrated/dp/B06Y141VF3/ref=sr_1_91?dchild=1&keywords=asus+laptops&qid=1621230877&sr=8-91
"ASUS ROG Zephyrus M15 (2020), 15.6""(39.62cms) FHD 240Hz/3ms, Intel Core i7-10750H 10th Gen, RTX 2060 6GB Graphics, Gaming Laptop (16GB/1TB SSD/Office 2019/Windows 10/Black/1.9 Kg), GU502LV-AZ173TS","1,42,990",5.0 out of 5 stars,7,https://www.amazon.in//ASUS-Zephyrus-39-62cms-i7-10750H-GU502LV-AZ173TS/dp/B08PFD26HJ/ref=sr_1_92?dchild=1&keywords=asus+laptops&qid=1621230877&sr=8-92
"Asus ZenBook UX310UA-WB71 13.3 Anti-glare Full HD Laptop Intel i7-6500U, 2.5GHz, 8 GB Memory, 256 GB SSD, Backlit Keyboard, Bluetooth, HDMI, Win 10","1,42,687",N/A,N/A,https://www.amazon.in//UX310UA-WB71-Anti-glare-i7-6500U-Keyboard-Bluetooth/dp/B01LXXC7QS/ref=sr_1_93?dchild=1&keywords=asus+laptops&qid=1621230877&sr=8-93
"ASUS ROG Zephyrus S Ultra Slim Gaming Laptop, 15.6"" 144Hz IPS-Type Full HD, GeForce RTX 2080, Intel Core i7-8750H CPU, 16GB DDR4, 512GB PCIe Nvme SSD, Aura Sync RGB, Windows 10 Pro - GX531GX-XS74","3,40,963",4.3 out of 5 stars,519,https://www.amazon.in//Zephyrus-IPS-Type-GeForce-i7-8750H-Windows/dp/B07M9SMBRM/ref=sr_1_94?dchild=1&keywords=asus+laptops&qid=1621230877&sr=8-94
"ASUS VivoBook S Ultra Thin and Portable Laptop, Intel Core i7-8550U Processor, 8GB DDR4 RAM, 128GB SSD+1TB HDD, 15.6” FHD WideView Display, ASUS NanoEdge Bezel, Metal Cover, S510UA-DS71","2,36,369",N/A,N/A,https://www.amazon.in//VivoBook-Portable-i7-8550U-Processor-S510UA-DS71/dp/B077XFNXX1/ref=sr_1_95?dchild=1&keywords=asus+laptops&qid=1621230877&sr=8-95
"ASUS VivoBook Flip 14 (2020) Intel Core i5-1135G7 11th Gen, 14"" FHD Touch Thin and Light 2-in-1 Laptop (8GB RAM/512GB SSD/Office 2019/Windows 10/4GB Intel Iris - MAX Graphics/1.5 Kg), TP470EZ-EC033TS","75,302",3.5 out of 5 stars,4,https://www.amazon.in//ASUS-VivoBook-i5-1135G7-Laptop-Windows/dp/B08TTH85GD/ref=sr_1_96?dchild=1&keywords=asus+laptops&qid=1621230877&sr=8-96
"ASUS ExpertBook P2 (P2451FB) 14 inch Notebook( i7-10510U,8GB , 1TB 72R,DOS ) P2451FB-EK0094","65,990",1.0 out of 5 stars,2,https://www.amazon.in//ASUS-ExpertBook-Notebook-i7-10510U-P2451FB-EK0094/dp/B08J121X7M/ref=sr_1_97?dchild=1&keywords=asus+laptops&qid=1621230881&sr=8-97
"Asus K513EA-BQ302TS i3-1115G4//4G/256 PCIe SSD/Indie BLACK/15.6""FHD vIPS/1Y International Warranty + McAfee/Office H&S/Backlit KB/Finger Print","39,480",5.0 out of 5 stars,1,https://www.amazon.in//K513EA-BQ302TS-i3-1115G4-International-Warranty-Backlit/dp/B08WKFXBLS/ref=sr_1_98?dchild=1&keywords=asus+laptops&qid=1621230881&sr=8-98
"(Renewed) ASUS VivoBook 14 X409FJ-EK501T Intel Core i5 8th Gen 14-inch FHD Compact and Light Laptop (8GB RAM/512GB NVMe SSD/Windows 10), Transparent Silver","42,990",,N/A,https://www.amazon.in//Renewed-ASUS-VivoBook-X409FJ-EK501T-Transparent/dp/B089SW52N1/ref=sr_1_99?dchild=1&keywords=asus+laptops&qid=1621230881&sr=8-99
"ASUS ExpertBook B9 (B9450FA) 14 inch Notebook(i5-10210U, 8GB, 512 PCIEx4, Win H ) B9450FA-BM0691T","99,440",N/A,More Buying Choices,https://www.amazon.in//ASUS-ExpertBook-Notebook-i5-10210U-B9450FA-BM0691T/dp/B08J13QWCB/ref=sr_1_100?dchild=1&keywords=asus+laptops&qid=1621230881&sr=8-100
"ASUS ZenBook 13 Ultra-Slim Laptop 13.3? Full HD NanoEdge Bezel Display, Intel Core i5-1035G1 Processor, 8GB RAM, 256GB PCIe SSD, NumberPad, Windows 10 Home, Lilac Mist, UX325JA-AB51","1,13,605",4.4 out of 5 stars,55,https://www.amazon.in//ASUS-Ultra-Slim-i5-1035G1-Processor-UX325JA-AB51/dp/B0892WH42D/ref=sr_1_101?dchild=1&keywords=asus+laptops&qid=1621230881&sr=8-101
"ASUS TUF Gaming Laptop, 17.3” Full HD IPS Type, AMD Ryzen 5 3550H CPU, AMD Radeon RX560X, 8GB DDR4, 512GB PCIe SSD, Gigabit Wi-Fi 5, Windows 10 Home - FX705DY-EH53","1,49,661",N/A,N/A,https://www.amazon.in//ASUS-Gaming-Laptop-Gigabit-Windows/dp/B07YZ1CM55/ref=sr_1_102?dchild=1&keywords=asus+laptops&qid=1621230881&sr=8-102
ASUS ZenBook 13 Ultra Slim Laptop,"2,36,356",4.3 out of 5 stars,748,https://www.amazon.in//ASUS-ZenBook-Ultra-Slim-Laptop/dp/B07QWLXCC7/ref=sr_1_103?dchild=1&keywords=asus+laptops&qid=1621230881&sr=8-103
"Asus Chromebook C223 Laptop- 11.6"", Intel Dual-Core Celeron N3350 Processor (Up to 2.4GHz) 4GB RAM, 32GB eMMC Storage- C223NA-DH02-RD Red","43,259",4.0 out of 5 stars,373,https://www.amazon.in//C223NA-DH02-RD-Chromebook-Dual-Core-Celeron-Processor/dp/B07H5B75SY/ref=sr_1_104?dchild=1&keywords=asus+laptops&qid=1621230881&sr=8-104
"ASUS ROG Zephyrus S17 (2020), 17.3"" FHD 300Hz/3ms, Intel Core i7-10750H 10th Gen, RTX 2080 Super Max-Q 8GB Graphics Gaming Laptop (32GB/1TB SSD/Office 2019/Windows 10/Black/2.6 Kg), GX701LXS-HG002TS","1,94,990",1.5 out of 5 stars,2,https://www.amazon.in//ASUS-Zephyrus-i7-10750H-RTX-2080-GX701LXS-HG002TS/dp/B08PFD2Z9M/ref=sr_1_105?dchild=1&keywords=asus+laptops&qid=1621230881&sr=8-105
"ASUS ROG G531GT-BI7N6 15.6"" FHD Gaming Laptop Computer, Intel Hexa-Core i7-9750H Up to 4.5GHz, 8GB DDR4, 512GB SSD, NVIDIA GeForce GTX 1650, 802.11ac WiFi, HDMI, USB 3.0, Windows 10","1,33,057",N/A,N/A,https://www.amazon.in//ASUS-G531GT-BI7N6-Computer-Hexa-Core-i7-9750H/dp/B07RKSNCT6/ref=sr_1_106?dchild=1&keywords=asus+laptops&qid=1621230881&sr=8-106
"ASUS ROG Strix Scar 17 (2020), 17.3"" FHD 300Hz/3ms, Intel Core i7-10875H 10th Gen, RTX 2080 Super GDDR6 8GB Graphics, Gaming Laptop (16GB/1TB SSD/Windows 10/Black/2.99 Kg), G732LXS-HG010T","2,18,804",4.1 out of 5 stars,6,https://www.amazon.in//ASUS-Strix-Scar-i7-10875H-RTX-2080-Super-G732LXS-HG010T/dp/B08GR2D1BB/ref=sr_1_107?dchild=1&keywords=asus+laptops&qid=1621230881&sr=8-107
"Asus 2019 ASUS ROG 15.6"" FHD Gaming Laptop Computer, Intel Hexa-Core i7-9750H Up to 4.5GHz, 16GB DDR4, 1TB HDD + 512GB SSD, NVIDIA GeForce GTX 1650, 802.11ac WiFi, HDMI, USB 3.0, Windows 10","1,42,619",3.0 out of 5 stars,1,https://www.amazon.in//ASUS-ROG-Computer-Hexa-Core-i7-9750H/dp/B07SZ1J9TG/ref=sr_1_108?dchild=1&keywords=asus+laptops&qid=1621230881&sr=8-108
"ASUS S510UN-EH76 VivoBook S 15.6"" Full HD Laptop, Intel Core i7-8550U, NVIDIA GeForce MX150, 8GB RAM, 256GB SSD + 1TB HDD, Windows 10",/A,N/A,N/A,https://www.amazon.in//VivoBook-Laptop-i7-8550U-GeForce-Windows/dp/B0786TPWBP/ref=sr_1_109?dchild=1&keywords=asus+laptops&qid=1621230881&sr=8-109
"ASUS ROG Zephyrus G14, 14"" QHD, Ryzen 9 4900HS, RTX 2060 Max Q 6GB GDDR6 Graphics, Gaming Laptop (16GB/1TB SSD/MS Office 2019/Windows 10/Moonlight White/Anime Matrix/1.7 Kg), GA401IV-HA174TS","1,40,990",1.0 out of 5 stars,1,https://www.amazon.in//ASUS-Zephyrus-Graphics-Moonlight-GA401IV-HA174TS/dp/B08CG1KW2L/ref=sr_1_110?dchild=1&keywords=asus+laptops&qid=1621230881&sr=8-110
"(Renewed) ASUS VivoBook S14 S431FA-EB515T Intel Core i5 8th Gen 14-inch FHD Thin & Light Laptop (8GB RAM/512GB PCIe SSD/Windows 10/Integrated Graphics/1.4 Kg), Gun Grey","41,490",2.9 out of 5 stars,3,https://www.amazon.in//ASUS-VivoBook-S431FA-EB515T-Integrated-Graphics/dp/B08D86LH57/ref=sr_1_111?dchild=1&keywords=asus+laptops&qid=1621230881&sr=8-111
"Asus Laptop Intel Core i7-8550U Processor, 8GB DDR4 RAM, 1TB FireCuda SSHD, 15.6"" FHD Display, DVD-RW Drive, Micro SD Card Reader","1,62,754",N/A,N/A,https://www.amazon.in//Asus-i7-8550U-Processor-FireCuda-Display/dp/B07DTKDGFW/ref=sr_1_112?dchild=1&keywords=asus+laptops&qid=1621230881&sr=8-112
"ASUS ROG Strix Scar 15 (2020) 15.6"" FHD 300Hz/3ms, Intel Core i7-10875H 10th Gen, RTX 2070 Super 8GB Graphics, Gaming Laptop (16GB/1TB RAID 0 SSD/Office 2019/Windows 10/Black/2.35 Kg) G532LWS-HF152TS","1,89,885",,N/A,https://www.amazon.in//ASUS-ROG-Strix-Scar-i7-10875H-2070-Super-G532LWS-HF152TS/dp/B08PFDCZBP/ref=sr_1_113?dchild=1&keywords=asus+laptops&qid=1621230885&sr=8-113
"ASUS TUF (2019) Gaming Laptop, 15.6” 120Hz FHD IPS-Type, AMD Ryzen 7 R7-3750H, GeForce GTX 1660 Ti, 16GB DDR4, 256GB PCIe SSD + 1TB HDD, Gigabit Wi-Fi 5, RGB KB, Windows 10 Home, TUF505DU-EB74","2,65,346",4.4 out of 5 stars,221,https://www.amazon.in//ASUS-IPS-Type-R7-3750H-GeForce-TUF505DU-EB74/dp/B07QQB6DC1/ref=sr_1_114?dchild=1&keywords=asus+laptops&qid=1621230885&sr=8-114
"ASUS 2019 ROG G531GT 15.6 Inch FHD Gaming Laptop (9th Gen Intel 6-Core i7-9750H up to 4.50 GHz, 16GB DDR4 RAM, 512GB SSD + 1TB HDD, NVIDIA GeForce GTX 1650, RGB Backlit Keyboard, Windows 10) (Black)","1,50,986",4.5 out of 5 stars,133,https://www.amazon.in//Asus-i7-9750H-GeForce-Backlit-Keyboard/dp/B07TVR4X3G/ref=sr_1_115?dchild=1&keywords=asus+laptops&qid=1621230885&sr=8-115
"(Renewed) ASUS ROG Strix SCAR III Intel Core i7 15.6-Inch (39.62 cms) 1920 x 1080 (Full HD) Laptop (16 GB/1 TB/Windows 10 Home/NVIDIA GeForce GTX 1660Ti/SCAR Gunmetal/2.57 Kg), G531GU-ES016T","1,10,990",1.0 out of 5 stars,1,https://www.amazon.in//ASUS-Graphics-i7-9750H-Gunmetal-G531GU-ES016T/dp/B082W4CDD4/ref=sr_1_116?dchild=1&keywords=asus+laptops&qid=1621230885&sr=8-116
"ASUS ROG Zephyrus S15 (2020), 15.6"" FHD 300Hz/3ms, Intel Core i7-10875H 10th Gen, RTX 2070 Super GDDR6 8GB Graphics, Gaming Laptop (32GB/1TB RAID 0 SSD/Windows 10/Black/1.9 Kg), GX502LWS-HF120T","1,77,975",,N/A,https://www.amazon.in//ASUS-Zephyrus-i7-10875H-RTX-2070-Super-GX502LWS-HF120T/dp/B08GQW78TQ/ref=sr_1_117?dchild=1&keywords=asus+laptops&qid=1621230885&sr=8-117
ASUS VivoBook14 Intel Core i3-1005G1(4GB RAM/256GB SSD/Win10+Ms Off H&S 2019+McAfee/Intel UHD Graphics/14-inch FHD/FP Reader/1.6 kg/Transparent Silver/1 Yr. Warranty)X415JA-EK312TS,"37,980",4.5 out of 5 stars,4,https://www.amazon.in//ASUS-VivoBook14-i3-1005G1-Transparent-X415JA-EK312TS/dp/B08Q37M3KB/ref=sr_1_118?dchild=1&keywords=asus+laptops&qid=1621230885&sr=8-118
"ASUS VivoBook 15 K513EP-EJ701TS i7-1165G7/MX330/8G/1T+256G PCIe SSD/Hearty GOLD/15.6""FHD /1Y International Warranty + MacFee/Office H&S/Backlit KB/Finger Print","79,074",,N/A,https://www.amazon.in//ASUS-VivoBook-K513EP-EJ701TS-i7-1165G7-International/dp/B08QVHM6XT/ref=sr_1_119?dchild=1&keywords=asus+laptops&qid=1621230885&sr=8-119
"ASUS VivoBook S14 AMD Ryzen 7 4700U, 14"" (35.56cms) FHD Thin and Light Laptop (8GB RAM/512GB NVMe SSD/Windows 10/MS Office 2019/Integrated Graphics/Indie Black/1.40 kg), M433IA-EB794TS","70,990",4.3 out of 5 stars,40,https://www.amazon.in//ASUS-VivoBook-Integrated-Graphics-M433IA-EB794TS/dp/B089TQD8WX/ref=sr_1_120?dchild=1&keywords=asus+laptops&qid=1621230885&sr=8-120
"ASUS ROG Zephyrus S GX701 17.3"" FHD 144Hz Gaming Laptop RTX 2080 Max-Q 8GB Graphics (Core i7-9750H 9th Gen/32GB RAM/1TB PCIe SSD/Windows 10/Black/2.60 kg), GX701GXR-EV025T","2,48,290",3.8 out of 5 stars,12,https://www.amazon.in//Zephyrus-Graphics-i7-9750H-Windows-GX701GXR-EV025T/dp/B07RTYG3R2/ref=sr_1_121?dchild=1&keywords=asus+laptops&qid=1621230885&sr=8-121
ASUS GL771JM 17-Inch Gaming Laptop [2014],"1,84,737",N/A,N/A,https://www.amazon.in//ASUS-GL771JM-17-Inch-Gaming-Laptop/dp/B00NJVRTHE/ref=sr_1_122?dchild=1&keywords=asus+laptops&qid=1621230885&sr=8-122
"ASUS ASUSPRO P5440FA-BM0581R Intel Core i5 8th Gen 14-inch FHD Thin and Light Laptop (8GB RAM/512GB NVMe SSD/Windows 10 Professional/Integrated Graphics/1.26 kg), Grey","85,990",,"Save ₹1,000",https://www.amazon.in//ASUS-P5440FA-BM0581R-Professional-Integrated-Graphics/dp/B082WZGB5K/ref=sr_1_123?dchild=1&keywords=asus+laptops&qid=1621230885&sr=8-123
"ASUS Expertbook P4 (P4103FA)-14 inch Notebook (Intel i5-10210U Processor, 8GB RAM, 512GB PCIE, DOS)-P4103FA-EB501","59,390",2.5 out of 5 stars,4,https://www.amazon.in//ASUS-Expertbook-i5-10210U-Processor-P4103FA-EB501/dp/B08DLFY3BM/ref=sr_1_124?dchild=1&keywords=asus+laptops&qid=1621230885&sr=8-124
"Asus ROG Zephyrus S Ultra Slim Gaming Laptop, 15.6"" 144Hz IPS Type FHD, GeForce RTX 2070, Intel Core i7-8750H, 16GB DDR4, 512GB PCIe NVMe SSD, Aura Sync RGB, Windows 10, GX531GW-AS76","3,43,099",5.0 out of 5 stars,2,https://www.amazon.in//Asus-Zephyrus-GeForce-i7-8750H-GX531GW-AS76/dp/B07KS1JF2H/ref=sr_1_125?dchild=1&keywords=asus+laptops&qid=1621230885&sr=8-125
"ASUS ExpertBook P2 (P2451FB) 14 inch Notebook( i7-10510U, 8GB,1TB 72R,Win Pro ) P2451FB-EK0095R","93,990",,"Save ₹1,000",https://www.amazon.in//ASUS-ExpertBook-Notebook-i7-10510U-P2451FB-EK0095R/dp/B08J11K1WD/ref=sr_1_126?dchild=1&keywords=asus+laptops&qid=1621230885&sr=8-126
"ASUS ExpertBook P1 (P1440FA)-14 inch Notebook (Intel i3-10110U Processor, 4GB RAM, 1TB HDD, Win PRO)-P1440FA-FQ2064R","35,990",4.0 out of 5 stars,1,https://www.amazon.in//ASUS-ExpertBook-i3-10110U-Processor-P1440FA-FQ2064R/dp/B08J138ZKX/ref=sr_1_127?dchild=1&keywords=asus+laptops&qid=1621230885&sr=8-127
"ASUS ExpertBook P2 (P2451FB) 14 inch Notebook( i5-10210U, 8GB,1TB 72R,Win Pro ) P2451FB-EK0092R","83,990",,"Save ₹1,000",https://www.amazon.in//ASUS-ExpertBook-Notebook-i5-10210U-P2451FB-EK0092R/dp/B08J13HT9X/ref=sr_1_128?dchild=1&keywords=asus+laptops&qid=1621230885&sr=8-128
"ASUS 2019 Newest Asus Chromebook 15.6"" Full HD Touchscreen 1080p, Intel N4200 Quad-Core Processor 2.5GHz, 4GB RAM, 64GB Storage, Brushed Aluminum Chassis","67,558",4.1 out of 5 stars,12,https://www.amazon.in//Chromebook-Touchscreen-Quad-Core-Processor-Aluminum/dp/B07L1JVWZQ/ref=sr_1_129?dchild=1&keywords=asus+laptops&qid=1621230889&sr=8-129
Asus i5 8250U 8/256 GB RAM/ROM W10H (14-inch) - Slate Grey,"1,80,188",3.8 out of 5 stars,60,https://www.amazon.in//14-0-8250U-8GB-256GB-W10H/dp/B078WC63Z7/ref=sr_1_130?dchild=1&keywords=asus+laptops&qid=1621230889&sr=8-130
"ASUS VivoBook Ultra 15 Ryzen 7 4700U 15.6-inch Laptop (8GB/1TB/ 256GB SSD/Win 10/Integrated Graphics/Dreamy White/1.80 kg), M513IA-EJ314T+Microsoft 365 Personal -  One Year Subscription Included",4589.00,4.0 out of 5 stars,69,https://www.amazon.in//ASUS-15-6-inch-Integrated-M513IA-EJ314T-Subscription/dp/B08L3RPF19/ref=sr_1_131?dchild=1&keywords=asus+laptops&qid=1621230889&sr=8-131
"(Renewed) ASUS VivoBook 14 (2020) Intel 10th Gen Core i5-1035G1 14-Inch (35.56 cms) 1920 x 1080 pixels Laptop (8 GB/512GB NVMe SSD/Windows 10 Home/MS Office 2019 /Intel UHD Graphics/Transparent Silver/1.6 Kg), X415JA-EB512TS","42,999",,N/A,https://www.amazon.in//ASUS-i5-1035G1-Integrated-Transparent-X415JA-EB512TS/dp/B08MCLPXZJ/ref=sr_1_132?dchild=1&keywords=asus+laptops&qid=1621230889&sr=8-132
"ASUS ZenBook Duo UX481FL-BM5811T i5 10th Gen 14-inch FHD Thin and Light Laptop (8GB/512GB SSD/Windows 10/2GB NVIDIA Graphics/1.50 Kg), Celestial Blue+Microsoft 365 Personal-One Year Subscription",1589.00,4.7 out of 5 stars,19,https://www.amazon.in//ASUS-UX481FL-BM5811T-Celestial-Personal-One-Subscription/dp/B08M6WZ2K7/ref=sr_1_133?dchild=1&keywords=asus+laptops&qid=1621230889&sr=8-133
ASUS VivoBook AMD Quad Core Ryzen 5-3500U(4GB RAM/256GB SSD/Win10+Ms Off H&S 2019+McAfee/Integrated Vega 8 Graphics/15.6-inch FHD IPS/FP Reader/1.9 kg/Transparent Silver/1 Yr. Warranty)M515DA-EJ522TS,"45,000",4.2 out of 5 stars,4,https://www.amazon.in//ASUS-Integrated-15-6-inch-Transparent-M515DA-EJ522TS/dp/B08Q3F46Y4/ref=sr_1_134?dchild=1&keywords=asus+laptops&qid=1621230889&sr=8-134
"ASUS ZenBook Flip S Ultra Slim Laptop, 13.3‚Äù 4K UHD OLED Touch Display, Intel Evo Platform - Core i7-1165G7 CPU, 16GB RAM, 1TB SSD, Thunderbolt 4, TPM, Windows 10 Pro, Jade Black, UX371EA-XH77T","2,22,984",N/A,N/A,https://www.amazon.in//ASUS-ZenBook-Laptop-Display-Platform/dp/B08H6SCT6Q/ref=sr_1_135?dchild=1&keywords=asus+laptops&qid=1621230889&sr=8-135
"ASUS ZenBook Pro Duo Intel Core i7-10750H 10th Gen 15.6"" Touchscreen Laptop (32GB RAM/1TB SSD/Win10/6GB NVIDIA RTX 2060/Celestial Blue/2.5 Kg)+Microsoft 365 Personal-One Year Subscription Included",28193.00,,N/A,https://www.amazon.in//ASUS-i7-10750H-Touchscreen-Personal-One-Subscription/dp/B08P5YGZ57/ref=sr_1_136?dchild=1&keywords=asus+laptops&qid=1621230889&sr=8-136
Asus ROG Strix G15 G512LI-HN286TS (Core i7 10th Gen/Windows10/MS Office/16GB RAM/1TB SSD/NVIDIA GeForce GTX 1650 Ti + 4GB Graphics/15.6 144hz/Backlit/Glacier Blue),/A,N/A,N/A,https://www.amazon.in//G512LI-HN286TS-Windows10-GeForce-Graphics-Backlit/dp/B08WLB76TV/ref=sr_1_137?dchild=1&keywords=asus+laptops&qid=1621230889&sr=8-137
"ASUS ExpertBook P5440 Thin & Light Business Laptop, 14? FHD, Intel Core i5-8265U Processor, 256GB PCIe NVMe SSD, 8GB DDR4 RAM, Windows 10 Pro, Fingerprint, TPM, Mgcote Slab Grey, P5440FA-XS51","1,38,751",5.0 out of 5 stars,2,https://www.amazon.in//ASUS-ExpertBook-Business-Processor-Fingerprint/dp/B086QZYP47/ref=sr_1_138?dchild=1&keywords=asus+laptops&qid=1621230889&sr=8-138
"ASUS VivoBook 14-inch FHD - X441UA-GA608T - Intel Core i5 8th Gen 8250U / 8GB RAM / 1TB HDD/ Windows 10/ Integrated Graphics/1.75 Kg), Black","43,600",3.7 out of 5 stars,50,https://www.amazon.in//ASUS-VivoBook-14-inch-FHD-X441UA-GA608T/dp/B08M3CPC7K/ref=sr_1_139?dchild=1&keywords=asus+laptops&qid=1621230889&sr=8-139
"ASUS VivoBook Ultra K14 K413EA-EB302TS i3-1115G4//8G/512 PCIe SSD/Indie BLACK/14.0""FHD vIPS/1Y International Warranty + McAfee/Office H&S/Backlit KB/Finger Print","48,500",N/A,N/A,https://www.amazon.in//ASUS-VivoBook-K413EA-EB302TS-i3-1115G4-International/dp/B094Y5LZVR/ref=sr_1_140?dchild=1&keywords=asus+laptops&qid=1621230889&sr=8-140
"ASUS ROG Zephyrus S GX531GW-ES009T 15.6-inch 144Hz Full HD Gaming Laptop (8th Gen Core i7 8750H/16GB/512GB PCIe SSD/Windows 10/RTX 2070 Max-Q 8GB Graphics), Black","2,29,900",4.0 out of 5 stars,1,https://www.amazon.in//Zephyrus-GX531GW-ES009T-15-6-inch-Windows-Graphics/dp/B07P13WFR5/ref=sr_1_141?dchild=1&keywords=asus+laptops&qid=1621230889&sr=8-141
"ASUS ROG Strix Scar 15 (2020), 15.6"" FHD 300Hz/3ms, Intel Core i9-10980HK 10th Gen, RTX 2070 Super GDDR6 8GB Graphics, Gaming Laptop (32GB/2TB RAID 0 SSD/Windows 10/Black/2.35 Kg), G532LWS-HF091T","2,14,990",1.0 out of 5 stars,1,https://www.amazon.in//ASUS-Strix-Scar-i9-10980HK-RTX-2070-Super-G532LWS-HF091T/dp/B08GR26T3D/ref=sr_1_142?dchild=1&keywords=asus+laptops&qid=1621230889&sr=8-142
"ASUS Vivobook X509JA-BQ840T i5-1035G1//8G/1T/SLATE GREY/15.6""FHD vIPS/ 1Y International Warranty//Finger Print/","47,000",3.8 out of 5 stars,14,https://www.amazon.in//ASUS-Vivobook-X509JA-BQ840T-i5-1035G1-International/dp/B08HMZBGVW/ref=sr_1_143?dchild=1&keywords=asus+laptops&qid=1621230889&sr=8-143
ASUS G512LI-HN180T (i7-10750H/GTX1650Ti-4GB/16G/1T SSD/15.6 FHD-144hz/RGB backlit/WIFI6/WIN10/ELECTRO Punk),"1,06,990",3.9 out of 5 stars,5,https://www.amazon.in//ASUS-G512LI-HN180T-i7-10750H-GTX1650Ti-4GB-FHD-144hz/dp/B08FJBGQLQ/ref=sr_1_144?dchild=1&keywords=asus+laptops&qid=1621230889&sr=8-144
"Asus Zephyrus G14 GA401II-HE230TS R7-4800HS/ GTX1650Ti-4GB/ 8G+8G/ 512G SSD/ 14.0 FHD-120hz/ Backlit/ WIFI6/ 76Wh/ WIN10/ MSO H&S 2019/ Eclipse Gray/ Sleeve, Rog Eye Clip Webcam",/A,N/A,N/A,https://www.amazon.in//Zephyrus-GA401II-HE230TS-R7-4800HS-GTX1650Ti-4GB-FHD-120hz/dp/B094Y1RQLD/ref=sr_1_145?dchild=1&keywords=asus+laptops&qid=1621230893&sr=8-145
"Asus Zephyrus G14 GA401II-HE229TS R7-4800HS/ GTX1650Ti-4GB/ 8G+8G/ 512G SSD/ 14.0 FHD-120hz/ Backlit/ WIFI6/ 76Wh/ WIN10/ MSO H&S 2019/ Moonlight White/ Sleeve, Rog Eye Clip Webcam","98,000",N/A,N/A,https://www.amazon.in//GA401II-HE229TS-R7-4800HS-GTX1650Ti-4GB-FHD-120hz-Moonlight/dp/B094XZNYJM/ref=sr_1_146?dchild=1&keywords=asus+laptops&qid=1621230893&sr=8-146
Asus TUF F15 FX566LU-HN223TS I7-10870H/ GTX1660Ti-6GB/ 8G+8G/ 512G SSD/ 15.6 FHD-144hz/ RGB Backlit/ WIFI6/ 90Wh/ WIN10/ MSO H&S 2019/ Fortress Gray,"99,999",N/A,N/A,https://www.amazon.in//FX566LU-HN223TS-I7-10870H-GTX1660Ti-6GB-FHD-144hz-Fortress/dp/B094XDPZS6/ref=sr_1_147?dchild=1&keywords=asus+laptops&qid=1621230893&sr=8-147
"Asus Vivobook X509JA-BQ839T i5-1035G1//8G/1T/TRANSPARENT SILVER/15.6""FHD vIPS/1Y International Warranty//Finger Print/","43,990",3.7 out of 5 stars,16,https://www.amazon.in//Vivobook-X509JA-BQ839T-i5-1035G1-TRANSPARENT-International/dp/B08HN1Q14Z/ref=sr_1_148?dchild=1&keywords=asus+laptops&qid=1621230893&sr=8-148
Asus Gaming Laptop ROG Strix G17 i7-10750H/ RTX2060-6GB/ 8G+8G/ 512G SSD+512G SSD (RAID 0)/ 17.3 FHD-144hz/ RGB Backlit-4 Zone/ WIFI6/ 66Wh/ WIN10/ Black Plastic/ G712LV-EV004TS,"1,24,995",N/A,N/A,https://www.amazon.in//i7-10750H-RTX2060-6GB-FHD-144hz-Backlit-4-G712LV-EV004TS/dp/B08RZDQBGJ/ref=sr_1_149?dchild=1&keywords=asus+laptops&qid=1621230893&sr=8-149
"Asus Zephyrus G14 Anime Matrix GA401II-HE231TS R7-4800HS/GTX1650Ti-4GB/ 8G+8G/ 1T SSD/ 14.0 FHD-120hz/ Backlit/ WIFI6//76Wh/WIN10/MSO H&S 2019/Moonlight White- Anime Matrix/Sleeve,Rog Eye Clip Webcam","1,15,000",N/A,N/A,https://www.amazon.in//GA401II-HE231TS-R7-4800HS-GTX1650Ti-4GB-FHD-120hz-Moonlight/dp/B094Y2SXJL/ref=sr_1_150?dchild=1&keywords=asus+laptops&qid=1621230893&sr=8-150
"Asus VivoBook K513EA-BQ503TS i5-1135G7//8G/512 PCIe SSD/Transparent SILVER/15.6""FHD vIPS/1Y International Warranty + McAfee/Office H&S/Backlit KB/Finger Print","62,990",5.0 out of 5 stars,2,https://www.amazon.in//VivoBook-K513EA-BQ503TS-i5-1135G7-Transparent-International/dp/B08W8GW1G8/ref=sr_1_151?dchild=1&keywords=asus+laptops&qid=1621230893&sr=8-151
"ASUS ZenBook Flip 13 Ultra Slim Convertible Laptop, 13.3? OLED FHD Touch Display, Intel Evo Platform - Core i5-1135G7 Processor, Iris Xe, 8GB RAM, 512GB SSD, Windows 10 Home, Pine Grey, UX363EA-DH51T","1,58,023",N/A,N/A,https://www.amazon.in//ASUS-ZenBook-Convertible-Display-Platform/dp/B08KH8QHFM/ref=sr_1_152?dchild=1&keywords=asus+laptops&qid=1621230893&sr=8-152
ASUS ROG Laptop + ROG Strix Impact Gaming Mouse,/A,4.3 out of 5 stars,49,https://www.amazon.in//ASUS-Laptop-Strix-Impact-Gaming/dp/B085F9XS57/ref=sr_1_153?dchild=1&keywords=asus+laptops&qid=1621230893&sr=8-153
"(Renewed) ASUS ROG Zephryrus M Intel 8th Gen Core i7 15.6-Inch (39.62 cms) 1920 x 1080 Laptop (16 GB//Windows 10/NVIDIA GeForce GTX 1070/Black/2.40 Kg), GM501GS-EI004T","1,48,784",,N/A,https://www.amazon.in//Asus-Zephryrus-GM501GS-EI004T-15-6-inch-Processor/dp/B07L28NC9F/ref=sr_1_154?dchild=1&keywords=asus+laptops&qid=1621230893&sr=8-154
"ASUS VivoBook 15 X512FA - 15.6"" FHD - i7-8565U - 12GB - 256GB SSD - Silver","1,35,342",N/A,N/A,https://www.amazon.in//ASUS-VivoBook-15-X512FA-i7-8565U/dp/B08121C1HV/ref=sr_1_155?dchild=1&keywords=asus+laptops&qid=1621230893&sr=8-155
"ASUS ROG Zephyrus GX501GI-EI004T 15.6-inch FHD Gaming Laptop (8th Gen Intel Core i7/24GB/1TB SSD/Windows 10/GTX 1080 8GB Graphics/2.26 Kg), Black+Microsoft 365 Personal-One Year Subscription Included",98653.00,,N/A,https://www.amazon.in//ASUS-GX501GI-EI004T-15-6-inch-Personal-One-Subscription/dp/B08P5MZR9B/ref=sr_1_156?dchild=1&keywords=asus+laptops&qid=1621230893&sr=8-156
Asus Strix G17 G713QM-HG164TS R9-5900HX/ RTX3060-6GB/ 8G+8G/1T SSD/17.3 FHD-300hz/Backlit KB-PerkeyRGB/WIFI6/90Wh/OfficeHu.2019/McAfee(1 Year)/Xbox Game Pass(30 Days)/ RogEyeClipwebcam/WIN10/BLACK,"1,75,000",N/A,N/A,https://www.amazon.in//G713QM-HG164TS-RTX3060-6GB-KB-PerkeyRGB-OfficeHu-2019-RogEyeClipwebcam/dp/B094XYY2SR/ref=sr_1_157?dchild=1&keywords=asus+laptops&qid=1621230893&sr=8-157
ASUS TUF Gaming F15 FX506LU-HN161TS i7-10870H/ GTX1660Ti-6GB/ 8G+8G/ 1T SSD/ 15.6 FHD-144hz/ RGB Backlit/ WIFI6/ 90Wh/ WIN10/ MSO H&S 2019/ Bonfire Black,"1,02,989",5.0 out of 5 stars,1,https://www.amazon.in//ASUS-FX506LU-HN161TS-i7-10870H-GTX1660Ti-6GB-FHD-144hz/dp/B09232R8FX/ref=sr_1_158?dchild=1&keywords=asus+laptops&qid=1621230893&sr=8-158
"Asus ROG Zephyrus G14 R7-4800HS/ GTX1660Ti Max-Q-6GB/ 8G+8G/ 512G SSD/ 14.0 WQHD-60hz/ Backlit/ WIFI6/ 76Wh/ WIN10/ MSO H&S 2019/ Moonlight White- Anime Matrix/ Sleeve, Rog Eye Clip Webcam","1,08,990",,N/A,https://www.amazon.in//R7-4800HS-GTX1660Ti-Max-Q-6GB-WQHD-60hz-Moonlight/dp/B08Y5DW4CX/ref=sr_1_159?dchild=1&keywords=asus+laptops&qid=1621230893&sr=8-159
"ASUS VivoBook S15 Thin & Light Laptop, 14? FHD Display, Intel Core i7-1165G7 Processor, 8GB LPDDR4X RAM, 512GB PCIe SSD, Thunderbolt 4, Wi-Fi 6, Windows 10 Home, Deep Green, S435EA-BH71-GR","1,39,645",4.5 out of 5 stars,2,https://www.amazon.in//ASUS-i7-1165G7-Processor-Thunderbolt-S435EA-BH71-GR/dp/B08R11TP8H/ref=sr_1_160?dchild=1&keywords=asus+laptops&qid=1621230893&sr=8-160
Asus zenbook 3 Deluxe UX490UA-BE045T,/A,1.0 out of 5 stars,1,https://www.amazon.in//Asus-zenbook-3-Deluxe-UX490UA-BE045T/dp/B07YLNBSMQ/ref=sr_1_161?dchild=1&keywords=asus+laptops&qid=1621230897&sr=8-161
"ASUS Vivobook Ultra K513EA-EJ502TS (i5-1135G7/8G/512 PCIe SSD/Indie BLACK/15.6""FHD/1Y International Warranty + MacFee/Office H&S/Windows 10/Backlit KB/Finger Print/1.6Kg)","64,600",3.7 out of 5 stars,5,https://www.amazon.in//ASUS-Vivobook-K513EA-EJ502TS-i5-1135G7-International/dp/B08NC32HBV/ref=sr_1_162?dchild=1&keywords=asus+laptops&qid=1621230897&sr=8-162
ASUS Zenbook13{2021} (R5-5500U/8GB RAM/512 GB NVMe SSD/Win10+McAfee/Ms Office H&S 2019/13.3 inch FHD IPS OLED/Integrated Radeon Graphic/FP Reader/1.4 kg/Grey/1 Yr.)UM325UA-KG501TS,"81,885",1.0 out of 5 stars,1,https://www.amazon.in//ASUS-Zenbook13-R5-5500U-Integrated-UM325UA-KG501TS/dp/B08CGMKS7Z/ref=sr_1_163?dchild=1&keywords=asus+laptops&qid=1621230897&sr=8-163
"ASUS ROG Gaming G512LI-HN177T i5-10300H/GTX1650Ti-4GB/8G/512G SSD/15.6 FHD-144hz/RGB backlit/WIFI6/WIN10//ELECTRO Punk/Accy in Box: Mouse (ROG P512), Mouse Pad (ROG)","86,479",,N/A,https://www.amazon.in//ASUS-G512LI-HN177T-i5-10300H-GTX1650Ti-4GB-FHD-144hz/dp/B08JV8R1ZC/ref=sr_1_164?dchild=1&keywords=asus+laptops&qid=1621230897&sr=8-164
"ASUS ExpertBook P1 P1510 I5-1035G1/1TB/8 GB DDR-4/15.6""/WIN10 PRO/WIFI5/STAR BLACK/P1510CJA-EJ402",/A,N/A,N/A,https://www.amazon.in//ASUS-ExpertBook-P1510-I5-1035G1-P1510CJA-EJ402/dp/B08VWK5P72/ref=sr_1_165?dchild=1&keywords=asus+laptops&qid=1621230897&sr=8-165
"ASUS Chromebook Flip C436 2-in-1 Laptop, 14"" Touchscreen FHD 4-Way NanoEdge, Intel Core i5-10210U, 512GB PCIe SSD, Fingerprint, Backlit KB, Wi-Fi 6, Chrome OS, C436FA-DS599T-W, Magnesium-Alloy, White","1,65,194",N/A,N/A,https://www.amazon.in//ASUS-Touchscreen-Fingerprint-C436FA-DS599T-W-Magnesium-Alloy/dp/B083Z8K6D8/ref=sr_1_166?dchild=1&keywords=asus+laptops&qid=1621230897&sr=8-166
Asus I7 ROG Strix G1 G512LI-HN273TS i7-10870H/ GTX1650Ti-4GB/ 8G+8G/ 1T SSD/ 15.6 FHD-144hz/ RGB Backlit/ NumberPad/ WIFI6/ 48Wh/ WIN10/ MSO H&S 2019/ Black Plastic/,"92,990",N/A,N/A,https://www.amazon.in//G512LI-HN273TS-i7-10870H-GTX1650Ti-4GB-FHD-144hz-NumberPad/dp/B08XZN1RFH/ref=sr_1_167?dchild=1&keywords=asus+laptops&qid=1621230897&sr=8-167
"ASUS ExpertBook P1 (P1440FA)-14 inch Notebook (Intel i5-10210U Processor, 4GB RAM, 1TB54R HDD, Win PRO)-P1440FA-FQ2349R","61,249",,"Save ₹1,000",https://www.amazon.in//ASUS-ExpertBook-i5-10210U-Processor-P1440FA-FQ2349R/dp/B08J133Y6B/ref=sr_1_168?dchild=1&keywords=asus+laptops&qid=1621230897&sr=8-168
"ROG Zephyrus G (2019) Ultra Slim Gaming Laptop, 15.6â€ IPS Type FHD, GeForce GTX 1660 Ti, AMD Ryzen 7 3750H, 8GB DDR4, 512GB PCIe Nvme SSD, Windows 10, GA502GU-PB73","1,22,026",N/A,N/A,https://www.amazon.in//Zephyrus-Gaming-GeForce-Windows-GA502GU-PB73/dp/B07QQ9LZZK/ref=sr_1_169?dchild=1&keywords=asus+laptops&qid=1621230897&sr=8-169
"ASUS ExpertBook P1440FA-FQ2350 I5-10210U/4 Gb/1 Tb /DOS/FPS/14""BLCK/1Y/NB","39,999",N/A,N/A,https://www.amazon.in//ASUS-ExpertBook-P1440FA-FQ2350-I5-10210U-BLCK/dp/B08S2WB4GR/ref=sr_1_170?dchild=1&keywords=asus+laptops&qid=1621230897&sr=8-170
Asus Vivobook S14 S432 Thin and Light 14â€ FHD,"1,15,567",4.5 out of 5 stars,62,https://www.amazon.in//Vivobook-i7-8656U-Windows-S432FA-AB74-Transparent/dp/B07VB2KH3H/ref=sr_1_171?dchild=1&keywords=asus+laptops&qid=1621230897&sr=8-171
ASUS TUF Gaming F15 FX506LI-HN012TS (i5-10300H/ GTX1650Ti-4GB/8GB/512GB SSD/ 15.6 FHD-144hz/RGB Backlit/ WIN10/ MS H&S 2019/ Bonfire Black),"72,999",,N/A,https://www.amazon.in//ASUS-FX506LI-HN012TS-i5-10300H-GTX1650Ti-4GB-FHD-144hz/dp/B08ZLVSMXB/ref=sr_1_172?dchild=1&keywords=asus+laptops&qid=1621230897&sr=8-172
"ASUS Vivobook Ultra K513EA-EJ303TS (i3-1115G4/4G/256 PCIe SSD/Transparent SILVER/15.6""FHD/1Y International Warranty + MacFee/Office H&S/Windows 10/Backlit KB/Finger Print/1.6Kg)","43,769",3.7 out of 5 stars,10,https://www.amazon.in//ASUS-K513EA-EJ303TS-i3-1115G4-Transparent-International/dp/B08ND37SSS/ref=sr_1_173?dchild=1&keywords=asus+laptops&qid=1621230897&sr=8-173
Asus Strix G17 G712LV-EV010T i7-10750H/RTX2060-6GB/8G+8G/1T SSD/17.3 FHD-144hz/RGB Backlit-4 zone/WIFI6/WIN10//GLACIER Blue,"1,20,990",5.0 out of 5 stars,1,https://www.amazon.in//G712LV-EV010T-i7-10750H-RTX2060-6GB-FHD-144hz-Backlit-4/dp/B08JXGXTC6/ref=sr_1_174?dchild=1&keywords=asus+laptops&qid=1621230897&sr=8-174
"(Renewed) ASUS ASUS ExpertBook B9 (B9450FA) Intel Core i5 14-Inch (35.56 cms) 1920 x 1080 pixels Laptop (8 GB/1 TB/Windows 10 Pro/Intel UHD Graphics 620/Star Black/1 g), B9450FA-BM0697R","1,09,990",,N/A,https://www.amazon.in//ASUS-ExpertBook-Notebook-i5-10210U-B9450FA-BM0697R/dp/B08L66VKFN/ref=sr_1_175?dchild=1&keywords=asus+laptops&qid=1621230897&sr=8-175
ASUS Zenbook14-Intel Core i5-1135G7{14-inch FHD IPS Touch /8GB RAM/512 GB SSD/Win 10/MS Office 2019 H&S/1 Yr. MacAfee/ NVidia MX450 2GB GDDR6 /Pine Grey/1.29 kg/1 Yr.}UX435EG-AI501TS,"99,390",1.0 out of 5 stars,1,https://www.amazon.in//ASUS-Zenbook14-Intel-i5-1135G7-14-inch-UX435EG-AI501TS/dp/B08HKJHX6G/ref=sr_1_176?dchild=1&keywords=asus+laptops&qid=1621230897&sr=8-176
"ASUS ZenBook Pro Duo UX581 Intel Core i7 9th Gen 15.6"" 4K UHD OLED Touchscreen Laptop (32GB RAM/1TB NVMe SSD/Windows 10/GeForce RTX 2060 Graphics/ScreenPad Plus/Celestial Blue/2.5 Kg), UX581GV-H7201T",/A,3.9 out of 5 stars,36,https://www.amazon.in//ASUS-Touchscreen-ScreenPad-Celestial-UX581GV-H7201T/dp/B07YSSG26F/ref=sr_1_177?dchild=1&keywords=asus+laptops&qid=1621230901&sr=8-177
"ASUS S532EQ-BQ501TS i5-1135G7/MX350/8G/512G PCIe SSD/Moss GREEN/15.6""FHD IPS/1Y International Warranty/Office H&S/MACAFEE/Screen pad 2.0/Face Log-in/","75,925",4.3 out of 5 stars,2,https://www.amazon.in//ASUS-S532EQ-BQ501TS-i5-1135G7-International-Warranty/dp/B08S3CZ5ZQ/ref=sr_1_178?dchild=1&keywords=asus+laptops&qid=1621230901&sr=8-178
"ASUS ROG Strix G Gaming (9th Gen Core i7-9750H, 16GB RAM, 1TB HDD+256GB SSD, 15.6” 120Hz IPS FHD, NVIDIA GeForce RTX 2070-8GB, RGB Backlit-4 Zone, Win 10,GLACIERBLUE) G531GW-AL249T","1,69,990",1.0 out of 5 stars,1,https://www.amazon.in//ASUS-i7-9750H-Backlit-4-GLACIERBLUE-G531GW-AL249T/dp/B08KT8LZY7/ref=sr_1_179?dchild=1&keywords=asus+laptops&qid=1621230901&sr=8-179
ASUS TUF F15 FX506LU-HN183T i5-10300H/ GTX1660Ti-6GB/ 8G+8G/ 1T SSD/ 15.6 FHD-144hz/ RGB Backlit/ WIFI6/ 90Wh/ WIN10/ / Bonfire Black/,"89,990",3.4 out of 5 stars,3,https://www.amazon.in//ASUS-FX506LU-HN183T-i5-10300H-GTX1660Ti-6GB-FHD-144hz/dp/B08T1DHWGW/ref=sr_1_180?dchild=1&keywords=asus+laptops&qid=1621230901&sr=8-180
"ASUS X507 ( Intel Pentium /4 GB/ 1TB HDD / 15.6"" HD/ Windows 10 ) Thin and Light X507MA- BR059T ( Stary Grey /1.75 kg)",/A,3.2 out of 5 stars,16,https://www.amazon.in//Glare-N5000-SHARE-1B-GREY-802-11/dp/B07DZZXNJP/ref=sr_1_181?dchild=1&keywords=asus+laptops&qid=1621230901&sr=8-181
"ASUS ExpertBook B9 (B9450FA) 14 inch Notebook(i7-10510U, 16GB, 1TB PCIEx4, Win Pro ) B9450FA-BM0696R","1,99,980",,N/A,https://www.amazon.in//ASUS-ExpertBook-Notebook-i7-10510U-B9450FA-BM0696R/dp/B08J12RXHY/ref=sr_1_182?dchild=1&keywords=asus+laptops&qid=1621230901&sr=8-182
"Asus Vivobook X515JP-EJ701TS-Intel Core i7-1065G7 1.3 GHz Upto 3.90 GHz, 8GB DDR4, 512GB SSD, GeForce MX330-2GB Graphics, 15.6""Full HD, Windows 10 + MsOffice Home & Student 2019, Finger Print, 1 Year","69,190",N/A,N/A,https://www.amazon.in//Vivobook-X515JP-EJ701TS-Intel-i7-1065G7-MX330-2GB-Graphics/dp/B08V948W5B/ref=sr_1_183?dchild=1&keywords=asus+laptops&qid=1621230901&sr=8-183
"Asus Chromebook Flip Ruggedized and Water Resistant Touchscreen Intel Dual Core Apollo Lake N3350, 4GB DDR4 RAM, 32GB Flash Storage (11.6inch)","77,692",N/A,N/A,https://www.amazon.in//Asus-Chromebook-Ruggedized-Resistant-Touchscreen/dp/B06Y31BH12/ref=sr_1_184?dchild=1&keywords=asus+laptops&qid=1621230901&sr=8-184
Asus VivoBook Flip R518UA-DH51T 15.6-inch,"1,80,188",3.5 out of 5 stars,142,https://www.amazon.in//Asus-VivoBook-R518UA-DH51T-15-6-inch-Processor/dp/B076S55M9L/ref=sr_1_185?dchild=1&keywords=asus+laptops&qid=1621230901&sr=8-185
"ASUS ROG Zephyrus G14, GA401II-HE154TS R7-4800HS/GTX1650Ti-4GB/8G+8G/512G SSD/14.0 FHD-120hz/Backlit/WIFI6/WIN10/MS Office/Eclipse Gray- Anime Matrix/Accy in Box: Sleeve","1,32,999",3.5 out of 5 stars,6,https://www.amazon.in//ASUS-GA401II-HE154TS-R7-4800HS-GTX1650Ti-4GB-FHD-120hz/dp/B08JYR4H1W/ref=sr_1_186?dchild=1&keywords=asus+laptops&qid=1621230901&sr=8-186
Asus ROG Strix G15 G512LI-HN274TS i7-10870H/ GTX1650Ti-4GB/ 8G/ 1T SSD/ 15.6 FHD-144hz/ RGB Backlit/ NumberPad/ WIFI6/ 48Wh/ WIN10/ MSO H&S 2019/ Black Plastic/,"89,600",N/A,N/A,https://www.amazon.in//G512LI-HN274TS-i7-10870H-GTX1650Ti-4GB-FHD-144hz-NumberPad/dp/B08WWL24LN/ref=sr_1_187?dchild=1&keywords=asus+laptops&qid=1621230901&sr=8-187
"ASUS Vivobook Ultra K15 K513EP-EJ511TS i5-1135G7/MX330/8G/1T+256G PCIe SSD/Hearty GOLD/15.6""FHD/1Y International Warranty + MacFee/Office H&S/Backlit KB/Finger Print","67,790",,N/A,https://www.amazon.in//ASUS-Vivobook-K513EP-EJ511TS-i5-1135G7-International/dp/B08QYYY9R7/ref=sr_1_188?dchild=1&keywords=asus+laptops&qid=1621230901&sr=8-188
ASUS ROG Zephyrus G14 GA401II-HE155TS Moonlight White- Anime MatrixR7-4800HS/ GTX1650Ti-4GB/ 8G+8G/ 512G SSD/ 14.0 FHD-120hz/ Backlit/ WIFI6/ 76Wh/ WIN10/ / Sleeve /Office 2019,"1,05,000",5.0 out of 5 stars,2,https://www.amazon.in//ASUS-GA401II-HE155TS-Moonlight-MatrixR7-4800HS-GTX1650Ti-4GB/dp/B083DP6MHT/ref=sr_1_189?dchild=1&keywords=asus+laptops&qid=1621230901&sr=8-189
Asus Vivobook Ultra K15 (Intel® Core™ i7-1165G7/NVIDIA® GeForce® MX330 2GB/1TB HDD+256GB SSD/8GB/15.6″FHD/Windows 10 + Office H & S 2019/Transparent Silver/1Y K513EP-EJ703TS,"79,985",5.0 out of 5 stars,1,https://www.amazon.in//Vivobook-CoreTM-i7-1165G7-GeForce%C2%AE-Transparent-K513EP-EJ703TS/dp/B08QDHBK5X/ref=sr_1_190?dchild=1&keywords=asus+laptops&qid=1621230901&sr=8-190
ASUS UX510UX-NH74 ZenBook 15 FHD UX510UX,"1,75,538",4.6 out of 5 stars,6,https://www.amazon.in//ASUS-UX510UX-NH74-ZenBook-FHD-UX510UX/dp/B07945BTSQ/ref=sr_1_191?dchild=1&keywords=asus+laptops&qid=1621230901&sr=8-191
"ASUS ROG Strix G17 17.3"" FHD 120Hz Intel Core i7-10750H 10th Gen, GTX 1660Ti 6GB (16GB RAM/512GB NVMe SSD/Win10/Original Black/2.83 Kg)Microsoft 365 Personal-One Year Subscription Included",7589.00,N/A,N/A,https://www.amazon.in//ASUS-i7-10750H-Microsoft-Personal-One-Subscription/dp/B08WQDJD83/ref=sr_1_192?dchild=1&keywords=asus+laptops&qid=1621230901&sr=8-192
"Asus ZenBook Flip 13 UX363EA-HP701TS i7-1165G7/16G/512G SSD+Optane 32G/Pine GREY/13.3"" FHD OLED TOUCH/1Y International Warranty + MacFee/Office H&S/Stylus/Sleeve/TypeC to Audio Jack/TPM/Number PAD","1,12,700",N/A,N/A,https://www.amazon.in//ZenBook-UX363EA-HP701TS-i7-1165G7-International-Warranty/dp/B08SY13JV6/ref=sr_1_193?dchild=1&keywords=asus+laptops&qid=1621230904&sr=8-193
Asus Flip C213SA-YS02-S 11.6 inch Ruggedized and Water Resistant Chromebook,"77,692",4.0 out of 5 stars,117,https://www.amazon.in//Asus-C213SA-YS02-S-Ruggedized-Resistant-Chromebook/dp/B074FLKWSX/ref=sr_1_194?dchild=1&keywords=asus+laptops&qid=1621230904&sr=8-194
"ASUS Vivobook 15 I5-1135G7/MX330/8G/1TB+256 PCIe SSD/Bespoke BLACK/15.6""FHD/1Y International Warranty + MacFee/Office H&S/Finger Print/Backlit KB","65,290",N/A,N/A,https://www.amazon.in//ASUS-Vivobook-I5-1135G7-International-Warranty/dp/B08Z2BJVF5/ref=sr_1_195?dchild=1&keywords=asus+laptops&qid=1621230904&sr=8-195
Asus ROG Strix G15 G512LI-HN097T (i7-10750H/GTX1650Ti-4GB/8 GB Ram/1TB SSD/15.6 FHD-144hz/RGB Backlit/WIFI6/48Wh/WIN10/Glacier Blue),"98,990",N/A,N/A,https://www.amazon.in//G512LI-HN097T-i7-10750H-GTX1650Ti-4GB-FHD-144hz-Backlit/dp/B08N7WZQQN/ref=sr_1_196?dchild=1&keywords=asus+laptops&qid=1621230904&sr=8-196
"ASUS VivoBook S15 S532EQ-BQ701TS i7-1165G7/MX350 2GB/512GB SSD/8GB/15.6"" FHD IPS/Win10+Office H and S 2019/Moss Green/1Y Screen pad 2.0/Face Log-in","88,479",4.0 out of 5 stars,1,https://www.amazon.in//ASUS-VivoBook-S532EQ-BQ701TS-i7-1165G7-Office/dp/B08S3QDY27/ref=sr_1_197?dchild=1&keywords=asus+laptops&qid=1621230904&sr=8-197
"ASUS Chromebook Flip C302 with Intel Core m5, Touchscreen, 64GB storage and 4GB RAM, 12.5"", C302CA-DH54",/A,N/A,N/A,https://www.amazon.in//Chromebook-Intel-Touchscreen-storage-C302CA-DH54/dp/B074VB8VT5/ref=sr_1_198?dchild=1&keywords=asus+laptops&qid=1621230904&sr=8-198
"ASUSPRO P5 (P5440FA)-14 inch Notebook (Intel i5-8265U Processor, 8GB RAM, 1TB HDD, Windows 10 Pro)-P5440FA-5810P","81,990",,"Save ₹1,000",https://www.amazon.in//ASUSPRO-Notebook-i5-8265U-Processor-P5440FA-5810P/dp/B08J13HTBQ/ref=sr_1_199?dchild=1&keywords=asus+laptops&qid=1621230904&sr=8-199
